"Name","Title","Phone","Email","Time In","Action","Location","Description"
"'=Fictional Crew","Fictional department","'+1 202 555 0142","crew1@example.test","9:00 AM","Crew Call","Fictional location 1","DESC-1 Fictional detail with a comma, ""quoted text"", and multiple lines.
Second line remains visible. Fictional detail with a comma, ""quoted text"", and multiple lines.
Second line remains visible.  END-DESC-1"
"Example Crew 2","Fictional department","'+1 202 555 0142","crew2@example.test","9:00 AM","Fictional scene 2","Fictional location 2","DESC-2 Fictional detail with a comma, ""quoted text"", and multiple lines.
Second line remains visible. Fictional detail with a comma, ""quoted text"", and multiple lines.
Second line remains visible.  END-DESC-2"
"Example Crew 3","Fictional department","'+1 202 555 0142","crew3@example.test","9:15 AM","Fictional scene 3","Fictional location 3","DESC-3 Fictional detail with a comma, ""quoted text"", and multiple lines.
Second line remains visible. Fictional detail with a comma, ""quoted text"", and multiple lines.
Second line remains visible.  END-DESC-3"
"Example Crew 4","Fictional department","'+1 202 555 0142","crew4@example.test","9:30 AM","Fictional scene 4","Fictional location 4","DESC-4 Fictional detail with a comma, ""quoted text"", and multiple lines.
Second line remains visible. Fictional detail with a comma, ""quoted text"", and multiple lines.
Second line remains visible.  END-DESC-4"
"Example Crew 5","Fictional department","'+1 202 555 0142","crew5@example.test","9:45 AM","Fictional scene 5","Fictional location 5","DESC-5 Fictional detail with a comma, ""quoted text"", and multiple lines.
Second line remains visible. Fictional detail with a comma, ""quoted text"", and multiple lines.
Second line remains visible.  END-DESC-5"
"Example Crew 6","Fictional department","'+1 202 555 0142","crew6@example.test","10:00 AM","Fictional scene 6","Fictional location 6","DESC-6 Fictional detail with a comma, ""quoted text"", and multiple lines.
Second line remains visible. Fictional detail with a comma, ""quoted text"", and multiple lines.
Second line remains visible.  END-DESC-6"
"Example Crew 7","Fictional department","'+1 202 555 0142","crew7@example.test","10:15 AM","Fictional scene 7","Fictional location 7","DESC-7 Fictional detail with a comma, ""quoted text"", and multiple lines.
Second line remains visible. Fictional detail with a comma, ""quoted text"", and multiple lines.
Second line remains visible.  END-DESC-7"
"Example Crew 8","Fictional department","'+1 202 555 0142","crew8@example.test","10:30 AM","Fictional scene 8","Fictional location 8","DESC-8 Fictional detail with a comma, ""quoted text"", and multiple lines.
Second line remains visible. Fictional detail with a comma, ""quoted text"", and multiple lines.
Second line remains visible.  END-DESC-8"
"Example Crew 9","Fictional department","'+1 202 555 0142","crew9@example.test","10:45 AM","Fictional scene 9","Fictional location 9","DESC-9 Fictional detail with a comma, ""quoted text"", and multiple lines.
Second line remains visible. Fictional detail with a comma, ""quoted text"", and multiple lines.
Second line remains visible.  END-DESC-9"
"Example Crew 10","Fictional department","'+1 202 555 0142","crew10@example.test","11:00 AM","Fictional scene 10","Fictional location 10","DESC-10 Fictional detail with a comma, ""quoted text"", and multiple lines.
Second line remains visible. Fictional detail with a comma, ""quoted text"", and multiple lines.
Second line remains visible.  END-DESC-10"
"Example Crew 11","Fictional department","'+1 202 555 0142","crew11@example.test","11:15 AM","Fictional scene 11","Fictional location 11","DESC-11 Fictional detail with a comma, ""quoted text"", and multiple lines.
Second line remains visible. Fictional detail with a comma, ""quoted text"", and multiple lines.
Second line remains visible.  END-DESC-11"
"Example Crew 12","Fictional department","'+1 202 555 0142","crew12@example.test","11:30 AM","Fictional scene 12","Fictional location 12","DESC-12 Fictional detail with a comma, ""quoted text"", and multiple lines.
Second line remains visible. Fictional detail with a comma, ""quoted text"", and multiple lines.
Second line remains visible.  END-DESC-12"
"Example Crew 13","Fictional department","'+1 202 555 0142","crew13@example.test","11:45 AM","Fictional scene 13","Fictional location 13","DESC-13 Fictional detail with a comma, ""quoted text"", and multiple lines.
Second line remains visible. Fictional detail with a comma, ""quoted text"", and multiple lines.
Second line remains visible.  END-DESC-13"
"Example Crew 14","Fictional department","'+1 202 555 0142","crew14@example.test","12:00 PM","Fictional scene 14","Fictional location 14","DESC-14 Fictional detail with a comma, ""quoted text"", and multiple lines.
Second line remains visible. Fictional detail with a comma, ""quoted text"", and multiple lines.
Second line remains visible.  END-DESC-14"
"Example Crew 15","Fictional department","'+1 202 555 0142","crew15@example.test","12:15 PM","Fictional scene 15","Fictional location 15","DESC-15 Fictional detail with a comma, ""quoted text"", and multiple lines.
Second line remains visible. Fictional detail with a comma, ""quoted text"", and multiple lines.
Second line remains visible.  END-DESC-15"
"Example Crew 16","Fictional department","'+1 202 555 0142","crew16@example.test","12:30 PM","Fictional scene 16","Fictional location 16","DESC-16 Fictional detail with a comma, ""quoted text"", and multiple lines.
Second line remains visible. Fictional detail with a comma, ""quoted text"", and multiple lines.
Second line remains visible.  END-DESC-16"
"Example Crew 17","Fictional department","'+1 202 555 0142","crew17@example.test","12:45 PM","Fictional scene 17","Fictional location 17","DESC-17 Fictional detail with a comma, ""quoted text"", and multiple lines.
Second line remains visible. Fictional detail with a comma, ""quoted text"", and multiple lines.
Second line remains visible.  END-DESC-17"
"Example Crew 18","Fictional department","'+1 202 555 0142","crew18@example.test","1:00 PM","Fictional scene 18","Fictional location 18","DESC-18 Fictional detail with a comma, ""quoted text"", and multiple lines.
Second line remains visible. Fictional detail with a comma, ""quoted text"", and multiple lines.
Second line remains visible.  END-DESC-18"
"Example Crew 19","Fictional department","'+1 202 555 0142","crew19@example.test","1:15 PM","Fictional scene 19","Fictional location 19","DESC-19 Fictional detail with a comma, ""quoted text"", and multiple lines.
Second line remains visible. Fictional detail with a comma, ""quoted text"", and multiple lines.
Second line remains visible.  END-DESC-19"
"Example Crew 20","Fictional department","'+1 202 555 0142","crew20@example.test","1:30 PM","Fictional scene 20","Fictional location 20","DESC-20 Fictional detail with a comma, ""quoted text"", and multiple lines.
Second line remains visible. Fictional detail with a comma, ""quoted text"", and multiple lines.
Second line remains visible.  END-DESC-20"
"Example Crew 21","Fictional department","'+1 202 555 0142","crew21@example.test","1:45 PM","Fictional scene 21","Fictional location 21","DESC-21 Fictional detail with a comma, ""quoted text"", and multiple lines.
Second line remains visible. Fictional detail with a comma, ""quoted text"", and multiple lines.
Second line remains visible.  END-DESC-21"
"Example Crew 22","Fictional department","'+1 202 555 0142","crew22@example.test","2:00 PM","Fictional scene 22","Fictional location 22","DESC-22 Fictional detail with a comma, ""quoted text"", and multiple lines.
Second line remains visible. Fictional detail with a comma, ""quoted text"", and multiple lines.
Second line remains visible.  END-DESC-22"
"Example Crew 23","Fictional department","'+1 202 555 0142","crew23@example.test","2:15 PM","Fictional scene 23","Fictional location 23","DESC-23 Fictional detail with a comma, ""quoted text"", and multiple lines.
Second line remains visible. Fictional detail with a comma, ""quoted text"", and multiple lines.
Second line remains visible.  END-DESC-23"
"Example Crew 24","Fictional department","'+1 202 555 0142","crew24@example.test","2:30 PM","Fictional scene 24","Fictional location 24","DESC-24 Fictional detail with a comma, ""quoted text"", and multiple lines.
Second line remains visible. Fictional detail with a comma, ""quoted text"", and multiple lines.
Second line remains visible.  END-DESC-24"
"Example Crew 25","Fictional department","'+1 202 555 0142","crew25@example.test","2:45 PM","Fictional scene 25","Fictional location 25","DESC-25 Fictional detail with a comma, ""quoted text"", and multiple lines.
Second line remains visible. Fictional detail with a comma, ""quoted text"", and multiple lines.
Second line remains visible.  END-DESC-25"
"Example Crew 26","Fictional department","'+1 202 555 0142","crew26@example.test","3:00 PM","Fictional scene 26","Fictional location 26","DESC-26 Fictional detail with a comma, ""quoted text"", and multiple lines.
Second line remains visible. Fictional detail with a comma, ""quoted text"", and multiple lines.
Second line remains visible.  END-DESC-26"
"Example Crew 27","Fictional department","'+1 202 555 0142","crew27@example.test","3:15 PM","Fictional scene 27","Fictional location 27","DESC-27 Fictional detail with a comma, ""quoted text"", and multiple lines.
Second line remains visible. Fictional detail with a comma, ""quoted text"", and multiple lines.
Second line remains visible.  END-DESC-27"
"Example Crew 28","Fictional department","'+1 202 555 0142","crew28@example.test","3:30 PM","Fictional scene 28","Fictional location 28","DESC-28 Fictional detail with a comma, ""quoted text"", and multiple lines.
Second line remains visible. Fictional detail with a comma, ""quoted text"", and multiple lines.
Second line remains visible.  END-DESC-28"
"Example Crew 29","Fictional department","'+1 202 555 0142","crew29@example.test","3:45 PM","Fictional scene 29","Fictional location 29","DESC-29 Fictional detail with a comma, ""quoted text"", and multiple lines.
Second line remains visible. Fictional detail with a comma, ""quoted text"", and multiple lines.
Second line remains visible.  END-DESC-29"
"Example Crew 30","Fictional department","'+1 202 555 0142","crew30@example.test","4:00 PM","Fictional scene 30","Fictional location 30","DESC-30 Fictional detail with a comma, ""quoted text"", and multiple lines.
Second line remains visible. Fictional detail with a comma, ""quoted text"", and multiple lines.
Second line remains visible.  END-DESC-30"
"Example Crew 31","Fictional department","'+1 202 555 0142","crew31@example.test","4:15 PM","Fictional scene 31","Fictional location 31","DESC-31 Fictional detail with a comma, ""quoted text"", and multiple lines.
Second line remains visible. Fictional detail with a comma, ""quoted text"", and multiple lines.
Second line remains visible.  END-DESC-31"
"Example Crew 32","Fictional department","'+1 202 555 0142","crew32@example.test","4:30 PM","Wrap","Fictional location 32","DESC-32 Fictional detail with a comma, ""quoted text"", and multiple lines.
Second line remains visible. Fictional detail with a comma, ""quoted text"", and multiple lines.
Second line remains visible.  END-DESC-32"
